TITLE,FIRST_NAME,LAST_NAME,EMAIL
Mrs,Michelle,Smith,
Mrs1,Michelle1,Smith1,
Mrs2,Michelle2,Smith2,
Mrs3,Michelle3,Smith3,
Mrs4,Michelle4,Smith4,
Mrs5,Michelle5,Smith5,
Mrs6,Michelle6,Smith6,
Mrs7,Michelle7,Smith7,
Mrs8,Michelle8,Smith8,
Mrs9,Michelle9,Smith9,
Mrs10,Michelle10,Smith10,
Mrs11,Michelle11,Smith11,
Mrs12,Michelle12,Smith12,
Mrs13,Michelle13,Smith13,
Mrs14,Michelle14,Smith14,
Mrs15,Michelle15,Smith15,
Mrs16,Michelle16,Smith16,
Mrs17,Michelle17,Smith17,
Mrs18,Michelle18,Smith18,
Mrs19,Michelle19,Smith19,
Mrs20,Michelle20,Smith20,
Mrs21,Michelle21,Smith21,
Mrs22,Michelle22,Smith22,
Mrs23,Michelle23,Smith23,
Mrs24,Michelle24,Smith24,
Mrs25,Michelle25,Smith25,
Mrs26,Michelle26,Smith26,
Mrs27,Michelle27,Smith27,
Mrs28,Michelle28,Smith28,
Mrs29,Michelle29,Smith29,
Mrs30,Michelle30,Smith30,
Mrs31,Michelle31,Smith31,
Mrs32,Michelle32,Smith32,
Mrs33,Michelle33,Smith33,
Mrs34,Michelle34,Smith34,
Mrs35,Michelle35,Smith35,
Mrs36,Michelle36,Smith36,
Mrs37,Michelle37,Smith37,
Mrs38,Michelle38,Smith38,
Mrs39,Michelle39,Smith39,
Mrs40,Michelle40,Smith40,
Mrs41,Michelle41,Smith41,
Mrs42,Michelle42,Smith42,
Mrs43,Michelle43,Smith43,
Mrs44,Michelle44,Smith44,
Mrs45,Michelle45,Smith45,
Mrs46,Michelle46,Smith46,
Mrs47,Michelle47,Smith47,
Mrs48,Michelle48,Smith48,
Mrs49,Michelle49,Smith49,
Mrs50,Michelle50,Smith50,
Mrs51,Michelle51,Smith51,
Mrs52,Michelle52,Smith52,
Mrs53,Michelle53,Smith53,
Mrs54,Michelle54,Smith54,
Mrs55,Michelle55,Smith55,
Mrs56,Michelle56,Smith56,
Mrs57,Michelle57,Smith57,
Mrs58,Michelle58,Smith58,
Mrs59,Michelle59,Smith59,
Mrs60,Michelle60,Smith60,
Mrs61,Michelle61,Smith61,
Mrs62,Michelle62,Smith62,
Mrs63,Michelle63,Smith63,
Mrs64,Michelle64,Smith64,
Mrs65,Michelle65,Smith65,
Mrs66,Michelle66,Smith66,
Mrs67,Michelle67,Smith67,
Mrs68,Michelle68,Smith68,
Mrs69,Michelle69,Smith69,
Mrs70,Michelle70,Smith70,
Mrs71,Michelle71,Smith71,
Mrs72,Michelle72,Smith72,
Mrs73,Michelle73,Smith73,
Mrs74,Michelle74,Smith74,
Mrs75,Michelle75,Smith75,
Mrs76,Michelle76,Smith76,
Mrs77,Michelle77,Smith77,
Mrs78,Michelle78,Smith78,
Mrs79,Michelle79,Smith79,
Mrs80,Michelle80,Smith80,
Mrs81,Michelle81,Smith81,
Mrs82,Michelle82,Smith82,
Mrs83,Michelle83,Smith83,
Mrs84,Michelle84,Smith84,
Mrs85,Michelle85,Smith85,
Mrs86,Michelle86,Smith86,
Mrs87,Michelle87,Smith87,
Mrs88,Michelle88,Smith88,
Mrs89,Michelle89,Smith89,
Mrs90,Michelle90,Smith90,
Mrs91,Michelle91,Smith91,
Mrs92,Michelle92,Smith92,
Mrs93,Michelle93,Smith93,
Mrs94,Michelle94,Smith94,
Mrs95,Michelle95,Smith95,
Mrs96,Michelle96,Smith96,
Mrs97,Michelle97,Smith97,
Mrs98,Michelle98,Smith98,
Mrs99,Michelle99,Smith99,
Mrs100,Michelle100,Smith100,
Mrs101,Michelle101,Smith101,
Mrs102,Michelle102,Smith102,
Mrs103,Michelle103,Smith103,
Mrs104,Michelle104,Smith104,
Mrs105,Michelle105,Smith105,
Mrs106,Michelle106,Smith106,
Mrs107,Michelle107,Smith107,
Mrs108,Michelle108,Smith108,
Mrs109,Michelle109,Smith109,
Mrs110,Michelle110,Smith110,
Mrs111,Michelle111,Smith111,
Mrs112,Michelle112,Smith112,
Mrs113,Michelle113,Smith113,
Mrs114,Michelle114,Smith114,
Mrs115,Michelle115,Smith115,
Mrs116,Michelle116,Smith116,
Mrs117,Michelle117,Smith117,
Mrs118,Michelle118,Smith118,
Mrs119,Michelle119,Smith119,
Mrs120,Michelle120,Smith120,
Mrs121,Michelle121,Smith121,
Mrs122,Michelle122,Smith122,
Mrs123,Michelle123,Smith123,
Mrs124,Michelle124,Smith124,
Mrs125,Michelle125,Smith125,
Mrs126,Michelle126,Smith126,
Mrs127,Michelle127,Smith127,
Mrs128,Michelle128,Smith128,
Mrs129,Michelle129,Smith129,
Mrs130,Michelle130,Smith130,
Mrs131,Michelle131,Smith131,
Mrs132,Michelle132,Smith132,
Mrs133,Michelle133,Smith133,
Mrs134,Michelle134,Smith134,
Mrs135,Michelle135,Smith135,
Mrs136,Michelle136,Smith136,
Mrs137,Michelle137,Smith137,
Mrs138,Michelle138,Smith138,
Mrs139,Michelle139,Smith139,
Mrs140,Michelle140,Smith140,
Mrs141,Michelle141,Smith141,
Mrs142,Michelle142,Smith142,
Mrs143,Michelle143,Smith143,
Mrs144,Michelle144,Smith144,
Mrs145,Michelle145,Smith145,
Mrs146,Michelle146,Smith146,
Mrs147,Michelle147,Smith147,
Mrs148,Michelle148,Smith148,
Mrs149,Michelle149,Smith149,
Mrs150,Michelle150,Smith150,
Mrs151,Michelle151,Smith151,
Mrs152,Michelle152,Smith152,
Mrs153,Michelle153,Smith153,
Mrs154,Michelle154,Smith154,
Mrs155,Michelle155,Smith155,
Mrs156,Michelle156,Smith156,
Mrs157,Michelle157,Smith157,
Mrs158,Michelle158,Smith158,
Mrs159,Michelle159,Smith159,
Mrs160,Michelle160,Smith160,
Mrs161,Michelle161,Smith161,
Mrs162,Michelle162,Smith162,
Mrs163,Michelle163,Smith163,
Mrs164,Michelle164,Smith164,
Mrs165,Michelle165,Smith165,
Mrs166,Michelle166,Smith166,
Mrs167,Michelle167,Smith167,
Mrs168,Michelle168,Smith168,
Mrs169,Michelle169,Smith169,
Mrs170,Michelle170,Smith170,
Mrs171,Michelle171,Smith171,
Mrs172,Michelle172,Smith172,
Mrs173,Michelle173,Smith173,
Mrs174,Michelle174,Smith174,
Mrs175,Michelle175,Smith175,
Mrs176,Michelle176,Smith176,
Mrs177,Michelle177,Smith177,
Mrs178,Michelle178,Smith178,
Mrs179,Michelle179,Smith179,
Mrs180,Michelle180,Smith180,
Mrs181,Michelle181,Smith181,
Mrs182,Michelle182,Smith182,
Mrs183,Michelle183,Smith183,
Mrs184,Michelle184,Smith184,
Mrs185,Michelle185,Smith185,
Mrs186,Michelle186,Smith186,
Mrs187,Michelle187,Smith187,
Mrs188,Michelle188,Smith188,
Mrs189,Michelle189,Smith189,
Mrs190,Michelle190,Smith190,
Mrs191,Michelle191,Smith191,
Mrs192,Michelle192,Smith192,
Mrs193,Michelle193,Smith193,
Mrs194,Michelle194,Smith194,
Mrs195,Michelle195,Smith195,
Mrs196,Michelle196,Smith196,
Mrs197,Michelle197,Smith197,
Mrs198,Michelle198,Smith198,
Mrs199,Michelle199,Smith199,
Mrs200,Michelle200,Smith200,
Mrs201,Michelle201,Smith201,
Mrs202,Michelle202,Smith202,
Mrs203,Michelle203,Smith203,
Mrs204,Michelle204,Smith204,
Mrs205,Michelle205,Smith205,
Mrs206,Michelle206,Smith206,
Mrs207,Michelle207,Smith207,
Mrs208,Michelle208,Smith208,
Mrs209,Michelle209,Smith209,
Mrs210,Michelle210,Smith210,
Mrs211,Michelle211,Smith211,
Mrs212,Michelle212,Smith212,
Mrs213,Michelle213,Smith213,
Mrs214,Michelle214,Smith214,
Mrs215,Michelle215,Smith215,
Mrs216,Michelle216,Smith216,
Mrs217,Michelle217,Smith217,
Mrs218,Michelle218,Smith218,
Mrs219,Michelle219,Smith219,
Mrs220,Michelle220,Smith220,
Mrs221,Michelle221,Smith221,
Mrs222,Michelle222,Smith222,
Mrs223,Michelle223,Smith223,
Mrs224,Michelle224,Smith224,
Mrs225,Michelle225,Smith225,
Mrs226,Michelle226,Smith226,
Mrs227,Michelle227,Smith227,
Mrs228,Michelle228,Smith228,
Mrs229,Michelle229,Smith229,
Mrs230,Michelle230,Smith230,
Mrs231,Michelle231,Smith231,
Mrs232,Michelle232,Smith232,
Mrs233,Michelle233,Smith233,
Mrs234,Michelle234,Smith234,
Mrs235,Michelle235,Smith235,
Mrs236,Michelle236,Smith236,
Mrs237,Michelle237,Smith237,
Mrs238,Michelle238,Smith238,
Mrs239,Michelle239,Smith239,
Mrs240,Michelle240,Smith240,
Mrs241,Michelle241,Smith241,
Mrs242,Michelle242,Smith242,
Mrs243,Michelle243,Smith243,
Mrs244,Michelle244,Smith244,
Mrs245,Michelle245,Smith245,
Mrs246,Michelle246,Smith246,
Mrs247,Michelle247,Smith247,
Mrs248,Michelle248,Smith248,
Mrs249,Michelle249,Smith249,
Mrs250,Michelle250,Smith250,
Mrs251,Michelle251,Smith251,
Mrs252,Michelle252,Smith252,
Mrs253,Michelle253,Smith253,
Mrs254,Michelle254,Smith254,
Mrs255,Michelle255,Smith255,
Mrs256,Michelle256,Smith256,
Mrs257,Michelle257,Smith257,
Mrs258,Michelle258,Smith258,
Mrs259,Michelle259,Smith259,
Mrs260,Michelle260,Smith260,
Mrs261,Michelle261,Smith261,
Mrs262,Michelle262,Smith262,
Mrs263,Michelle263,Smith263,
Mrs264,Michelle264,Smith264,
Mrs265,Michelle265,Smith265,
Mrs266,Michelle266,Smith266,
Mrs267,Michelle267,Smith267,
Mrs268,Michelle268,Smith268,
Mrs269,Michelle269,Smith269,
Mrs270,Michelle270,Smith270,
Mrs271,Michelle271,Smith271,
Mrs272,Michelle272,Smith272,
Mrs273,Michelle273,Smith273,
Mrs274,Michelle274,Smith274,
Mrs275,Michelle275,Smith275,
Mrs276,Michelle276,Smith276,
Mrs277,Michelle277,Smith277,
Mrs278,Michelle278,Smith278,
Mrs279,Michelle279,Smith279,
Mrs280,Michelle280,Smith280,
Mrs281,Michelle281,Smith281,
Mrs282,Michelle282,Smith282,
Mrs283,Michelle283,Smith283,
Mrs284,Michelle284,Smith284,
Mrs285,Michelle285,Smith285,
Mrs286,Michelle286,Smith286,
Mrs287,Michelle287,Smith287,
Mrs288,Michelle288,Smith288,
Mrs289,Michelle289,Smith289,
Mrs290,Michelle290,Smith290,
Mrs291,Michelle291,Smith291,
Mrs292,Michelle292,Smith292,
Mrs293,Michelle293,Smith293,
Mrs294,Michelle294,Smith294,
Mrs295,Michelle295,Smith295,
Mrs296,Michelle296,Smith296,
Mrs297,Michelle297,Smith297,
Mrs298,Michelle298,Smith298,
Mrs299,Michelle299,Smith299,
Mrs300,Michelle300,Smith300,
Mrs301,Michelle301,Smith301,
Mrs302,Michelle302,Smith302,
Mrs303,Michelle303,Smith303,
Mrs304,Michelle304,Smith304,
Mrs305,Michelle305,Smith305,
Mrs306,Michelle306,Smith306,
Mrs307,Michelle307,Smith307,
Mrs308,Michelle308,Smith308,
Mrs309,Michelle309,Smith309,
Mrs310,Michelle310,Smith310,
Mrs311,Michelle311,Smith311,
Mrs312,Michelle312,Smith312,
Mrs313,Michelle313,Smith313,
Mrs314,Michelle314,Smith314,
Mrs315,Michelle315,Smith315,
Mrs316,Michelle316,Smith316,
Mrs317,Michelle317,Smith317,
Mrs318,Michelle318,Smith318,
Mrs319,Michelle319,Smith319,
Mrs320,Michelle320,Smith320,
Mrs321,Michelle321,Smith321,
Mrs322,Michelle322,Smith322,
Mrs323,Michelle323,Smith323,
Mrs324,Michelle324,Smith324,
Mrs325,Michelle325,Smith325,
Mrs326,Michelle326,Smith326,
Mrs327,Michelle327,Smith327,
Mrs328,Michelle328,Smith328,
Mrs329,Michelle329,Smith329,
Mrs330,Michelle330,Smith330,
Mrs331,Michelle331,Smith331,
Mrs332,Michelle332,Smith332,
Mrs333,Michelle333,Smith333,
Mrs334,Michelle334,Smith334,
Mrs335,Michelle335,Smith335,
Mrs336,Michelle336,Smith336,
Mrs337,Michelle337,Smith337,
Mrs338,Michelle338,Smith338,
Mrs339,Michelle339,Smith339,
Mrs340,Michelle340,Smith340,
Mrs341,Michelle341,Smith341,
Mrs342,Michelle342,Smith342,
Mrs343,Michelle343,Smith343,
Mrs344,Michelle344,Smith344,
Mrs345,Michelle345,Smith345,
Mrs346,Michelle346,Smith346,
Mrs347,Michelle347,Smith347,
Mrs348,Michelle348,Smith348,
Mrs349,Michelle349,Smith349,
Mrs350,Michelle350,Smith350,
Mrs351,Michelle351,Smith351,
Mrs352,Michelle352,Smith352,
Mrs353,Michelle353,Smith353,
Mrs354,Michelle354,Smith354,
Mrs355,Michelle355,Smith355,
Mrs356,Michelle356,Smith356,
Mrs357,Michelle357,Smith357,
Mrs358,Michelle358,Smith358,
Mrs359,Michelle359,Smith359,
Mrs360,Michelle360,Smith360,
Mrs361,Michelle361,Smith361,
Mrs362,Michelle362,Smith362,
Mrs363,Michelle363,Smith363,
Mrs364,Michelle364,Smith364,
Mrs365,Michelle365,Smith365,
Mrs366,Michelle366,Smith366,
Mrs367,Michelle367,Smith367,
Mrs368,Michelle368,Smith368,
Mrs369,Michelle369,Smith369,
Mrs370,Michelle370,Smith370,
Mrs371,Michelle371,Smith371,
Mrs372,Michelle372,Smith372,
Mrs373,Michelle373,Smith373,
Mrs374,Michelle374,Smith374,
Mrs375,Michelle375,Smith375,
Mrs376,Michelle376,Smith376,
Mrs377,Michelle377,Smith377,
Mrs378,Michelle378,Smith378,
Mrs379,Michelle379,Smith379,
Mrs380,Michelle380,Smith380,
Mrs381,Michelle381,Smith381,
Mrs382,Michelle382,Smith382,
Mrs383,Michelle383,Smith383,
Mrs384,Michelle384,Smith384,
Mrs385,Michelle385,Smith385,
Mrs386,Michelle386,Smith386,
Mrs387,Michelle387,Smith387,
Mrs388,Michelle388,Smith388,
Mrs389,Michelle389,Smith389,
Mrs390,Michelle390,Smith390,
Mrs391,Michelle391,Smith391,
Mrs392,Michelle392,Smith392,
Mrs393,Michelle393,Smith393,
Mrs394,Michelle394,Smith394,
Mrs395,Michelle395,Smith395,
Mrs396,Michelle396,Smith396,
Mrs397,Michelle397,Smith397,
Mrs398,Michelle398,Smith398,
Mrs399,Michelle399,Smith399,
Mrs400,Michelle400,Smith400,
Mrs401,Michelle401,Smith401,
Mrs402,Michelle402,Smith402,
Mrs403,Michelle403,Smith403,
Mrs404,Michelle404,Smith404,
Mrs405,Michelle405,Smith405,
Mrs406,Michelle406,Smith406,
Mrs407,Michelle407,Smith407,
Mrs408,Michelle408,Smith408,
Mrs409,Michelle409,Smith409,
Mrs410,Michelle410,Smith410,
Mrs411,Michelle411,Smith411,
Mrs412,Michelle412,Smith412,
Mrs413,Michelle413,Smith413,
Mrs414,Michelle414,Smith414,
Mrs415,Michelle415,Smith415,
Mrs416,Michelle416,Smith416,
Mrs417,Michelle417,Smith417,
Mrs418,Michelle418,Smith418,
Mrs419,Michelle419,Smith419,
Mrs420,Michelle420,Smith420,
Mrs421,Michelle421,Smith421,
Mrs422,Michelle422,Smith422,
Mrs423,Michelle423,Smith423,
Mrs424,Michelle424,Smith424,
Mrs425,Michelle425,Smith425,
Mrs426,Michelle426,Smith426,
Mrs427,Michelle427,Smith427,
Mrs428,Michelle428,Smith428,
Mrs429,Michelle429,Smith429,
Mrs430,Michelle430,Smith430,
Mrs431,Michelle431,Smith431,
Mrs432,Michelle432,Smith432,
Mrs433,Michelle433,Smith433,
Mrs434,Michelle434,Smith434,
Mrs435,Michelle435,Smith435,
Mrs436,Michelle436,Smith436,
Mrs437,Michelle437,Smith437,
Mrs438,Michelle438,Smith438,
Mrs439,Michelle439,Smith439,
Mrs440,Michelle440,Smith440,
Mrs441,Michelle441,Smith441,
Mrs442,Michelle442,Smith442,
Mrs443,Michelle443,Smith443,
Mrs444,Michelle444,Smith444,
Mrs445,Michelle445,Smith445,
Mrs446,Michelle446,Smith446,
Mrs447,Michelle447,Smith447,
Mrs448,Michelle448,Smith448,
Mrs449,Michelle449,Smith449,
Mrs450,Michelle450,Smith450,
Mrs451,Michelle451,Smith451,
Mrs452,Michelle452,Smith452,
Mrs453,Michelle453,Smith453,
Mrs454,Michelle454,Smith454,
Mrs455,Michelle455,Smith455,
Mrs456,Michelle456,Smith456,
Mrs457,Michelle457,Smith457,
Mrs458,Michelle458,Smith458,
Mrs459,Michelle459,Smith459,
Mrs460,Michelle460,Smith460,
Mrs461,Michelle461,Smith461,
Mrs462,Michelle462,Smith462,
Mrs463,Michelle463,Smith463,
Mrs464,Michelle464,Smith464,
Mrs465,Michelle465,Smith465,
Mrs466,Michelle466,Smith466,
Mrs467,Michelle467,Smith467,
Mrs468,Michelle468,Smith468,
Mrs469,Michelle469,Smith469,
Mrs470,Michelle470,Smith470,
Mrs471,Michelle471,Smith471,
Mrs472,Michelle472,Smith472,
Mrs473,Michelle473,Smith473,
Mrs474,Michelle474,Smith474,
Mrs475,Michelle475,Smith475,
Mrs476,Michelle476,Smith476,
Mrs477,Michelle477,Smith477,
Mrs478,Michelle478,Smith478,
Mrs479,Michelle479,Smith479,
Mrs480,Michelle480,Smith480,
Mrs481,Michelle481,Smith481,
Mrs482,Michelle482,Smith482,
Mrs483,Michelle483,Smith483,
Mrs484,Michelle484,Smith484,
Mrs485,Michelle485,Smith485,
Mrs486,Michelle486,Smith486,
Mrs487,Michelle487,Smith487,
Mrs488,Michelle488,Smith488,
Mrs489,Michelle489,Smith489,
Mrs490,Michelle490,Smith490,
Mrs491,Michelle491,Smith491,
Mrs492,Michelle492,Smith492,
Mrs493,Michelle493,Smith493,
Mrs494,Michelle494,Smith494,
Mrs495,Michelle495,Smith495,
Mrs496,Michelle496,Smith496,
Mrs497,Michelle497,Smith497,
Mrs498,Michelle498,Smith498,
Mrs499,Michelle499,Smith499,
Mrs500,Michelle500,Smith500,
Mrs501,Michelle501,Smith501,
Mrs502,Michelle502,Smith502,
Mrs503,Michelle503,Smith503,
Mrs504,Michelle504,Smith504,
Mrs505,Michelle505,Smith505,
Mrs506,Michelle506,Smith506,
Mrs507,Michelle507,Smith507,
Mrs508,Michelle508,Smith508,
Mrs509,Michelle509,Smith509,
Mrs510,Michelle510,Smith510,
Mrs511,Michelle511,Smith511,
Mrs512,Michelle512,Smith512,
Mrs513,Michelle513,Smith513,
Mrs514,Michelle514,Smith514,
Mrs515,Michelle515,Smith515,
Mrs516,Michelle516,Smith516,
Mrs517,Michelle517,Smith517,
Mrs518,Michelle518,Smith518,
Mrs519,Michelle519,Smith519,
Mrs520,Michelle520,Smith520,
Mrs521,Michelle521,Smith521,
Mrs522,Michelle522,Smith522,
Mrs523,Michelle523,Smith523,
Mrs524,Michelle524,Smith524,
Mrs525,Michelle525,Smith525,
Mrs526,Michelle526,Smith526,
Mrs527,Michelle527,Smith527,
Mrs528,Michelle528,Smith528,
Mrs529,Michelle529,Smith529,
Mrs530,Michelle530,Smith530,
Mrs531,Michelle531,Smith531,
Mrs532,Michelle532,Smith532,
Mrs533,Michelle533,Smith533,
Mrs534,Michelle534,Smith534,
Mrs535,Michelle535,Smith535,
Mrs536,Michelle536,Smith536,
Mrs537,Michelle537,Smith537,
Mrs538,Michelle538,Smith538,
Mrs539,Michelle539,Smith539,
Mrs540,Michelle540,Smith540,
Mrs541,Michelle541,Smith541,
Mrs542,Michelle542,Smith542,
Mrs543,Michelle543,Smith543,
Mrs544,Michelle544,Smith544,
Mrs545,Michelle545,Smith545,
Mrs546,Michelle546,Smith546,
Mrs547,Michelle547,Smith547,
Mrs548,Michelle548,Smith548,
Mrs549,Michelle549,Smith549,
Mrs550,Michelle550,Smith550,
Mrs551,Michelle551,Smith551,
Mrs552,Michelle552,Smith552,
Mrs553,Michelle553,Smith553,
Mrs554,Michelle554,Smith554,
Mrs555,Michelle555,Smith555,
Mrs556,Michelle556,Smith556,
Mrs557,Michelle557,Smith557,
Mrs558,Michelle558,Smith558,
Mrs559,Michelle559,Smith559,
Mrs560,Michelle560,Smith560,
Mrs561,Michelle561,Smith561,
Mrs562,Michelle562,Smith562,
Mrs563,Michelle563,Smith563,
Mrs564,Michelle564,Smith564,
Mrs565,Michelle565,Smith565,
Mrs566,Michelle566,Smith566,
Mrs567,Michelle567,Smith567,
Mrs568,Michelle568,Smith568,
Mrs569,Michelle569,Smith569,
Mrs570,Michelle570,Smith570,
Mrs571,Michelle571,Smith571,
Mrs572,Michelle572,Smith572,
Mrs573,Michelle573,Smith573,
Mrs574,Michelle574,Smith574,
Mrs575,Michelle575,Smith575,
Mrs576,Michelle576,Smith576,
Mrs577,Michelle577,Smith577,
Mrs578,Michelle578,Smith578,
Mrs579,Michelle579,Smith579,
Mrs580,Michelle580,Smith580,
Mrs581,Michelle581,Smith581,
Mrs582,Michelle582,Smith582,
Mrs583,Michelle583,Smith583,
Mrs584,Michelle584,Smith584,
Mrs585,Michelle585,Smith585,
Mrs586,Michelle586,Smith586,
Mrs587,Michelle587,Smith587,
Mrs588,Michelle588,Smith588,
Mrs589,Michelle589,Smith589,
Mrs590,Michelle590,Smith590,
Mrs591,Michelle591,Smith591,
Mrs592,Michelle592,Smith592,
Mrs593,Michelle593,Smith593,
Mrs594,Michelle594,Smith594,
Mrs595,Michelle595,Smith595,
Mrs596,Michelle596,Smith596,
Mrs597,Michelle597,Smith597,
Mrs598,Michelle598,Smith598,
Mrs599,Michelle599,Smith599,
Mrs600,Michelle600,Smith600,
Mrs601,Michelle601,Smith601,
Mrs602,Michelle602,Smith602,
Mrs603,Michelle603,Smith603,
Mrs604,Michelle604,Smith604,
Mrs605,Michelle605,Smith605,
Mrs606,Michelle606,Smith606,
Mrs607,Michelle607,Smith607,
Mrs608,Michelle608,Smith608,
Mrs609,Michelle609,Smith609,
Mrs610,Michelle610,Smith610,
Mrs611,Michelle611,Smith611,
Mrs612,Michelle612,Smith612,
Mrs613,Michelle613,Smith613,
Mrs614,Michelle614,Smith614,
Mrs615,Michelle615,Smith615,
Mrs616,Michelle616,Smith616,
Mrs617,Michelle617,Smith617,
Mrs618,Michelle618,Smith618,
Mrs619,Michelle619,Smith619,
Mrs620,Michelle620,Smith620,
Mrs621,Michelle621,Smith621,
Mrs622,Michelle622,Smith622,
Mrs623,Michelle623,Smith623,
Mrs624,Michelle624,Smith624,
Mrs625,Michelle625,Smith625,
Mrs626,Michelle626,Smith626,
Mrs627,Michelle627,Smith627,
Mrs628,Michelle628,Smith628,
Mrs629,Michelle629,Smith629,
Mrs630,Michelle630,Smith630,
Mrs631,Michelle631,Smith631,
Mrs632,Michelle632,Smith632,
Mrs633,Michelle633,Smith633,
Mrs634,Michelle634,Smith634,
Mrs635,Michelle635,Smith635,
Mrs636,Michelle636,Smith636,
Mrs637,Michelle637,Smith637,
Mrs638,Michelle638,Smith638,
Mrs639,Michelle639,Smith639,
Mrs640,Michelle640,Smith640,
Mrs641,Michelle641,Smith641,
Mrs642,Michelle642,Smith642,
Mrs643,Michelle643,Smith643,
Mrs644,Michelle644,Smith644,
Mrs645,Michelle645,Smith645,
Mrs646,Michelle646,Smith646,
Mrs647,Michelle647,Smith647,
Mrs648,Michelle648,Smith648,
Mrs649,Michelle649,Smith649,
Mrs650,Michelle650,Smith650,
Mrs651,Michelle651,Smith651,
Mrs652,Michelle652,Smith652,
Mrs653,Michelle653,Smith653,
Mrs654,Michelle654,Smith654,
Mrs655,Michelle655,Smith655,
Mrs656,Michelle656,Smith656,
Mrs657,Michelle657,Smith657,
Mrs658,Michelle658,Smith658,
Mrs659,Michelle659,Smith659,
Mrs660,Michelle660,Smith660,
Mrs661,Michelle661,Smith661,
Mrs662,Michelle662,Smith662,
Mrs663,Michelle663,Smith663,
Mrs664,Michelle664,Smith664,
Mrs665,Michelle665,Smith665,
Mrs666,Michelle666,Smith666,
Mrs667,Michelle667,Smith667,
Mrs668,Michelle668,Smith668,
Mrs669,Michelle669,Smith669,
Mrs670,Michelle670,Smith670,
Mrs671,Michelle671,Smith671,
Mrs672,Michelle672,Smith672,
Mrs673,Michelle673,Smith673,
Mrs674,Michelle674,Smith674,
Mrs675,Michelle675,Smith675,
Mrs676,Michelle676,Smith676,
Mrs677,Michelle677,Smith677,
Mrs678,Michelle678,Smith678,
Mrs679,Michelle679,Smith679,
Mrs680,Michelle680,Smith680,
Mrs681,Michelle681,Smith681,
Mrs682,Michelle682,Smith682,
Mrs683,Michelle683,Smith683,
Mrs684,Michelle684,Smith684,
Mrs685,Michelle685,Smith685,
Mrs686,Michelle686,Smith686,
Mrs687,Michelle687,Smith687,
Mrs688,Michelle688,Smith688,
Mrs689,Michelle689,Smith689,
Mrs690,Michelle690,Smith690,
Mrs691,Michelle691,Smith691,
Mrs692,Michelle692,Smith692,
Mrs693,Michelle693,Smith693,
Mrs694,Michelle694,Smith694,
Mrs695,Michelle695,Smith695,
Mrs696,Michelle696,Smith696,
Mrs697,Michelle697,Smith697,
Mrs698,Michelle698,Smith698,
Mrs699,Michelle699,Smith699,
Mrs700,Michelle700,Smith700,
Mrs701,Michelle701,Smith701,
Mrs702,Michelle702,Smith702,
Mrs703,Michelle703,Smith703,
Mrs704,Michelle704,Smith704,
Mrs705,Michelle705,Smith705,
Mrs706,Michelle706,Smith706,
Mrs707,Michelle707,Smith707,
Mrs708,Michelle708,Smith708,
Mrs709,Michelle709,Smith709,
Mrs710,Michelle710,Smith710,
Mrs711,Michelle711,Smith711,
Mrs712,Michelle712,Smith712,
Mrs713,Michelle713,Smith713,
Mrs714,Michelle714,Smith714,
Mrs715,Michelle715,Smith715,
Mrs716,Michelle716,Smith716,
Mrs717,Michelle717,Smith717,
Mrs718,Michelle718,Smith718,
Mrs719,Michelle719,Smith719,
Mrs720,Michelle720,Smith720,
Mrs721,Michelle721,Smith721,
Mrs722,Michelle722,Smith722,
Mrs723,Michelle723,Smith723,
Mrs724,Michelle724,Smith724,
Mrs725,Michelle725,Smith725,
Mrs726,Michelle726,Smith726,
Mrs727,Michelle727,Smith727,
Mrs728,Michelle728,Smith728,
Mrs729,Michelle729,Smith729,
Mrs730,Michelle730,Smith730,
Mrs731,Michelle731,Smith731,
Mrs732,Michelle732,Smith732,
Mrs733,Michelle733,Smith733,
Mrs734,Michelle734,Smith734,
Mrs735,Michelle735,Smith735,
Mrs736,Michelle736,Smith736,
Mrs737,Michelle737,Smith737,
Mrs738,Michelle738,Smith738,
Mrs739,Michelle739,Smith739,
Mrs740,Michelle740,Smith740,
Mrs741,Michelle741,Smith741,
Mrs742,Michelle742,Smith742,
Mrs743,Michelle743,Smith743,
Mrs744,Michelle744,Smith744,
Mrs745,Michelle745,Smith745,
Mrs746,Michelle746,Smith746,
Mrs747,Michelle747,Smith747,
Mrs748,Michelle748,Smith748,
Mrs749,Michelle749,Smith749,
Mrs750,Michelle750,Smith750,
Mrs751,Michelle751,Smith751,
Mrs752,Michelle752,Smith752,
Mrs753,Michelle753,Smith753,
Mrs754,Michelle754,Smith754,
Mrs755,Michelle755,Smith755,
Mrs756,Michelle756,Smith756,
Mrs757,Michelle757,Smith757,
Mrs758,Michelle758,Smith758,
Mrs759,Michelle759,Smith759,
Mrs760,Michelle760,Smith760,
Mrs761,Michelle761,Smith761,
Mrs762,Michelle762,Smith762,
Mrs763,Michelle763,Smith763,
Mrs764,Michelle764,Smith764,
Mrs765,Michelle765,Smith765,
Mrs766,Michelle766,Smith766,
Mrs767,Michelle767,Smith767,
Mrs768,Michelle768,Smith768,
Mrs769,Michelle769,Smith769,
Mrs770,Michelle770,Smith770,
Mrs771,Michelle771,Smith771,
Mrs772,Michelle772,Smith772,
Mrs773,Michelle773,Smith773,
Mrs774,Michelle774,Smith774,
Mrs775,Michelle775,Smith775,
Mrs776,Michelle776,Smith776,
Mrs777,Michelle777,Smith777,
Mrs778,Michelle778,Smith778,
Mrs779,Michelle779,Smith779,
Mrs780,Michelle780,Smith780,
Mrs781,Michelle781,Smith781,
Mrs782,Michelle782,Smith782,
Mrs783,Michelle783,Smith783,
Mrs784,Michelle784,Smith784,
Mrs785,Michelle785,Smith785,
Mrs786,Michelle786,Smith786,
Mrs787,Michelle787,Smith787,
Mrs788,Michelle788,Smith788,
Mrs789,Michelle789,Smith789,
Mrs790,Michelle790,Smith790,
Mrs791,Michelle791,Smith791,
Mrs792,Michelle792,Smith792,
Mrs793,Michelle793,Smith793,
Mrs794,Michelle794,Smith794,
Mrs795,Michelle795,Smith795,
Mrs796,Michelle796,Smith796,
Mrs797,Michelle797,Smith797,
Mrs798,Michelle798,Smith798,
Mrs799,Michelle799,Smith799,
Mrs800,Michelle800,Smith800,
Mrs801,Michelle801,Smith801,
Mrs802,Michelle802,Smith802,
Mrs803,Michelle803,Smith803,
Mrs804,Michelle804,Smith804,
Mrs805,Michelle805,Smith805,
Mrs806,Michelle806,Smith806,
Mrs807,Michelle807,Smith807,
Mrs808,Michelle808,Smith808,
Mrs809,Michelle809,Smith809,
Mrs810,Michelle810,Smith810,
Mrs811,Michelle811,Smith811,
Mrs812,Michelle812,Smith812,
Mrs813,Michelle813,Smith813,
Mrs814,Michelle814,Smith814,
Mrs815,Michelle815,Smith815,
Mrs816,Michelle816,Smith816,
Mrs817,Michelle817,Smith817,
Mrs818,Michelle818,Smith818,
Mrs819,Michelle819,Smith819,
Mrs820,Michelle820,Smith820,
Mrs821,Michelle821,Smith821,
Mrs822,Michelle822,Smith822,
Mrs823,Michelle823,Smith823,
Mrs824,Michelle824,Smith824,
Mrs825,Michelle825,Smith825,
Mrs826,Michelle826,Smith826,
Mrs827,Michelle827,Smith827,
Mrs828,Michelle828,Smith828,
Mrs829,Michelle829,Smith829,
Mrs830,Michelle830,Smith830,
Mrs831,Michelle831,Smith831,
Mrs832,Michelle832,Smith832,
Mrs833,Michelle833,Smith833,
Mrs834,Michelle834,Smith834,
Mrs835,Michelle835,Smith835,
Mrs836,Michelle836,Smith836,
Mrs837,Michelle837,Smith837,
Mrs838,Michelle838,Smith838,
Mrs839,Michelle839,Smith839,
Mrs840,Michelle840,Smith840,
Mrs841,Michelle841,Smith841,
Mrs842,Michelle842,Smith842,
Mrs843,Michelle843,Smith843,
Mrs844,Michelle844,Smith844,
Mrs845,Michelle845,Smith845,
Mrs846,Michelle846,Smith846,
Mrs847,Michelle847,Smith847,
Mrs848,Michelle848,Smith848,
Mrs849,Michelle849,Smith849,
Mrs850,Michelle850,Smith850,
Mrs851,Michelle851,Smith851,
Mrs852,Michelle852,Smith852,
Mrs853,Michelle853,Smith853,
Mrs854,Michelle854,Smith854,
Mrs855,Michelle855,Smith855,
Mrs856,Michelle856,Smith856,
Mrs857,Michelle857,Smith857,
Mrs858,Michelle858,Smith858,
Mrs859,Michelle859,Smith859,
Mrs860,Michelle860,Smith860,
Mrs861,Michelle861,Smith861,
Mrs862,Michelle862,Smith862,
Mrs863,Michelle863,Smith863,
Mrs864,Michelle864,Smith864,
Mrs865,Michelle865,Smith865,
Mrs866,Michelle866,Smith866,
Mrs867,Michelle867,Smith867,
Mrs868,Michelle868,Smith868,
Mrs869,Michelle869,Smith869,
Mrs870,Michelle870,Smith870,
Mrs871,Michelle871,Smith871,
Mrs872,Michelle872,Smith872,
Mrs873,Michelle873,Smith873,
Mrs874,Michelle874,Smith874,
Mrs875,Michelle875,Smith875,
Mrs876,Michelle876,Smith876,
Mrs877,Michelle877,Smith877,
Mrs878,Michelle878,Smith878,
Mrs879,Michelle879,Smith879,
Mrs880,Michelle880,Smith880,
Mrs881,Michelle881,Smith881,
Mrs882,Michelle882,Smith882,
Mrs883,Michelle883,Smith883,
Mrs884,Michelle884,Smith884,
Mrs885,Michelle885,Smith885,
Mrs886,Michelle886,Smith886,
Mrs887,Michelle887,Smith887,
Mrs888,Michelle888,Smith888,
Mrs889,Michelle889,Smith889,
Mrs890,Michelle890,Smith890,
Mrs891,Michelle891,Smith891,
Mrs892,Michelle892,Smith892,
Mrs893,Michelle893,Smith893,
Mrs894,Michelle894,Smith894,
Mrs895,Michelle895,Smith895,
Mrs896,Michelle896,Smith896,
Mrs897,Michelle897,Smith897,
Mrs898,Michelle898,Smith898,
Mrs899,Michelle899,Smith899,
Mrs900,Michelle900,Smith900,
Mrs901,Michelle901,Smith901,
Mrs902,Michelle902,Smith902,
Mrs903,Michelle903,Smith903,
Mrs904,Michelle904,Smith904,
Mrs905,Michelle905,Smith905,
Mrs906,Michelle906,Smith906,
Mrs907,Michelle907,Smith907,
Mrs908,Michelle908,Smith908,
Mrs909,Michelle909,Smith909,
Mrs910,Michelle910,Smith910,
Mrs911,Michelle911,Smith911,
Mrs912,Michelle912,Smith912,
Mrs913,Michelle913,Smith913,
Mrs914,Michelle914,Smith914,
Mrs915,Michelle915,Smith915,
Mrs916,Michelle916,Smith916,
Mrs917,Michelle917,Smith917,
Mrs918,Michelle918,Smith918,
Mrs919,Michelle919,Smith919,
Mrs920,Michelle920,Smith920,
Mrs921,Michelle921,Smith921,
Mrs922,Michelle922,Smith922,
Mrs923,Michelle923,Smith923,
Mrs924,Michelle924,Smith924,
Mrs925,Michelle925,Smith925,
Mrs926,Michelle926,Smith926,
Mrs927,Michelle927,Smith927,
Mrs928,Michelle928,Smith928,
Mrs929,Michelle929,Smith929,
Mrs930,Michelle930,Smith930,
Mrs931,Michelle931,Smith931,
Mrs932,Michelle932,Smith932,
Mrs933,Michelle933,Smith933,
Mrs934,Michelle934,Smith934,
Mrs935,Michelle935,Smith935,
Mrs936,Michelle936,Smith936,
Mrs937,Michelle937,Smith937,
Mrs938,Michelle938,Smith938,
Mrs939,Michelle939,Smith939,
Mrs940,Michelle940,Smith940,
Mrs941,Michelle941,Smith941,
Mrs942,Michelle942,Smith942,
Mrs943,Michelle943,Smith943,
Mrs944,Michelle944,Smith944,
Mrs945,Michelle945,Smith945,
Mrs946,Michelle946,Smith946,
Mrs947,Michelle947,Smith947,
Mrs948,Michelle948,Smith948,
Mrs949,Michelle949,Smith949,
Mrs950,Michelle950,Smith950,
Mrs951,Michelle951,Smith951,
Mrs952,Michelle952,Smith952,
Mrs953,Michelle953,Smith953,
Mrs954,Michelle954,Smith954,
Mrs955,Michelle955,Smith955,
Mrs956,Michelle956,Smith956,
Mrs957,Michelle957,Smith957,
Mrs958,Michelle958,Smith958,
Mrs959,Michelle959,Smith959,
Mrs960,Michelle960,Smith960,
Mrs961,Michelle961,Smith961,
Mrs962,Michelle962,Smith962,
Mrs963,Michelle963,Smith963,
Mrs964,Michelle964,Smith964,
Mrs965,Michelle965,Smith965,
Mrs966,Michelle966,Smith966,
Mrs967,Michelle967,Smith967,
Mrs968,Michelle968,Smith968,
Mrs969,Michelle969,Smith969,
Mrs970,Michelle970,Smith970,
Mrs971,Michelle971,Smith971,
Mrs972,Michelle972,Smith972,
Mrs973,Michelle973,Smith973,
Mrs974,Michelle974,Smith974,
Mrs975,Michelle975,Smith975,
Mrs976,Michelle976,Smith976,
Mrs977,Michelle977,Smith977,
Mrs978,Michelle978,Smith978,
Mrs979,Michelle979,Smith979,
Mrs980,Michelle980,Smith980,
Mrs981,Michelle981,Smith981,
Mrs982,Michelle982,Smith982,
Mrs983,Michelle983,Smith983,
Mrs984,Michelle984,Smith984,
Mrs985,Michelle985,Smith985,
Mrs986,Michelle986,Smith986,
Mrs987,Michelle987,Smith987,
Mrs988,Michelle988,Smith988,
Mrs989,Michelle989,Smith989,
Mrs990,Michelle990,Smith990,
Mrs991,Michelle991,Smith991,
Mrs992,Michelle992,Smith992,
Mrs993,Michelle993,Smith993,
Mrs994,Michelle994,Smith994,
Mrs995,Michelle995,Smith995,
Mrs996,Michelle996,Smith996,
Mrs997,Michelle997,Smith997,
Mrs998,Michelle998,Smith998,
Mrs999,Michelle999,Smith999,
Mrs1000,Michelle1000,Smith1000,
Mrs1001,Michelle1001,Smith1001,
Mrs1002,Michelle1002,Smith1002,
Mrs1003,Michelle1003,Smith1003,
Mrs1004,Michelle1004,Smith1004,
Mrs1005,Michelle1005,Smith1005,
Mrs1006,Michelle1006,Smith1006,
Mrs1007,Michelle1007,Smith1007,
Mrs1008,Michelle1008,Smith1008,
Mrs1009,Michelle1009,Smith1009,
Mrs1010,Michelle1010,Smith1010,
Mrs1011,Michelle1011,Smith1011,
Mrs1012,Michelle1012,Smith1012,
Mrs1013,Michelle1013,Smith1013,
Mrs1014,Michelle1014,Smith1014,
Mrs1015,Michelle1015,Smith1015,
Mrs1016,Michelle1016,Smith1016,
Mrs1017,Michelle1017,Smith1017,
Mrs1018,Michelle1018,Smith1018,
Mrs1019,Michelle1019,Smith1019,
Mrs1020,Michelle1020,Smith1020,
Mrs1021,Michelle1021,Smith1021,
Mrs1022,Michelle1022,Smith1022,
Mrs1023,Michelle1023,Smith1023,
Mrs1024,Michelle1024,Smith1024,
Mrs1025,Michelle1025,Smith1025,
Mrs1026,Michelle1026,Smith1026,
Mrs1027,Michelle1027,Smith1027,
Mrs1028,Michelle1028,Smith1028,
Mrs1029,Michelle1029,Smith1029,
Mrs1030,Michelle1030,Smith1030,
Mrs1031,Michelle1031,Smith1031,
Mrs1032,Michelle1032,Smith1032,
Mrs1033,Michelle1033,Smith1033,
Mrs1034,Michelle1034,Smith1034,
Mrs1035,Michelle1035,Smith1035,
Mrs1036,Michelle1036,Smith1036,
Mrs1037,Michelle1037,Smith1037,
Mrs1038,Michelle1038,Smith1038,
Mrs1039,Michelle1039,Smith1039,
Mrs1040,Michelle1040,Smith1040,
Mrs1041,Michelle1041,Smith1041,
Mrs1042,Michelle1042,Smith1042,
Mrs1043,Michelle1043,Smith1043,
Mrs1044,Michelle1044,Smith1044,
Mrs1045,Michelle1045,Smith1045,
Mrs1046,Michelle1046,Smith1046,
Mrs1047,Michelle1047,Smith1047,
Mrs1048,Michelle1048,Smith1048,
Mrs1049,Michelle1049,Smith1049,
Mrs1050,Michelle1050,Smith1050,
Mrs1051,Michelle1051,Smith1051,
Mrs1052,Michelle1052,Smith1052,
Mrs1053,Michelle1053,Smith1053,
Mrs1054,Michelle1054,Smith1054,
Mrs1055,Michelle1055,Smith1055,
Mrs1056,Michelle1056,Smith1056,
Mrs1057,Michelle1057,Smith1057,
Mrs1058,Michelle1058,Smith1058,
Mrs1059,Michelle1059,Smith1059,
Mrs1060,Michelle1060,Smith1060,
Mrs1061,Michelle1061,Smith1061,
Mrs1062,Michelle1062,Smith1062,
Mrs1063,Michelle1063,Smith1063,
Mrs1064,Michelle1064,Smith1064,
Mrs1065,Michelle1065,Smith1065,
Mrs1066,Michelle1066,Smith1066,
Mrs1067,Michelle1067,Smith1067,
Mrs1068,Michelle1068,Smith1068,
Mrs1069,Michelle1069,Smith1069,
Mrs1070,Michelle1070,Smith1070,
Mrs1071,Michelle1071,Smith1071,
Mrs1072,Michelle1072,Smith1072,
Mrs1073,Michelle1073,Smith1073,
Mrs1074,Michelle1074,Smith1074,
Mrs1075,Michelle1075,Smith1075,
Mrs1076,Michelle1076,Smith1076,
Mrs1077,Michelle1077,Smith1077,
Mrs1078,Michelle1078,Smith1078,
Mrs1079,Michelle1079,Smith1079,
Mrs1080,Michelle1080,Smith1080,
Mrs1081,Michelle1081,Smith1081,
Mrs1082,Michelle1082,Smith1082,
Mrs1083,Michelle1083,Smith1083,
Mrs1084,Michelle1084,Smith1084,
Mrs1085,Michelle1085,Smith1085,
Mrs1086,Michelle1086,Smith1086,
Mrs1087,Michelle1087,Smith1087,
Mrs1088,Michelle1088,Smith1088,
Mrs1089,Michelle1089,Smith1089,
Mrs1090,Michelle1090,Smith1090,
Mrs1091,Michelle1091,Smith1091,
Mrs1092,Michelle1092,Smith1092,
Mrs1093,Michelle1093,Smith1093,
Mrs1094,Michelle1094,Smith1094,
Mrs1095,Michelle1095,Smith1095,
Mrs1096,Michelle1096,Smith1096,
Mrs1097,Michelle1097,Smith1097,
Mrs1098,Michelle1098,Smith1098,
Mrs1099,Michelle1099,Smith1099,
Mrs1100,Michelle1100,Smith1100,
Mrs1101,Michelle1101,Smith1101,
Mrs1102,Michelle1102,Smith1102,
Mrs1103,Michelle1103,Smith1103,
Mrs1104,Michelle1104,Smith1104,
Mrs1105,Michelle1105,Smith1105,
Mrs1106,Michelle1106,Smith1106,
Mrs1107,Michelle1107,Smith1107,
Mrs1108,Michelle1108,Smith1108,
Mrs1109,Michelle1109,Smith1109,
Mrs1110,Michelle1110,Smith1110,
Mrs1111,Michelle1111,Smith1111,
Mrs1112,Michelle1112,Smith1112,
Mrs1113,Michelle1113,Smith1113,
Mrs1114,Michelle1114,Smith1114,
Mrs1115,Michelle1115,Smith1115,
Mrs1116,Michelle1116,Smith1116,
Mrs1117,Michelle1117,Smith1117,
Mrs1118,Michelle1118,Smith1118,
Mrs1119,Michelle1119,Smith1119,
Mrs1120,Michelle1120,Smith1120,
Mrs1121,Michelle1121,Smith1121,
Mrs1122,Michelle1122,Smith1122,
Mrs1123,Michelle1123,Smith1123,
Mrs1124,Michelle1124,Smith1124,
Mrs1125,Michelle1125,Smith1125,
Mrs1126,Michelle1126,Smith1126,
Mrs1127,Michelle1127,Smith1127,
Mrs1128,Michelle1128,Smith1128,
Mrs1129,Michelle1129,Smith1129,
Mrs1130,Michelle1130,Smith1130,
Mrs1131,Michelle1131,Smith1131,
Mrs1132,Michelle1132,Smith1132,
Mrs1133,Michelle1133,Smith1133,
Mrs1134,Michelle1134,Smith1134,
Mrs1135,Michelle1135,Smith1135,
Mrs1136,Michelle1136,Smith1136,
Mrs1137,Michelle1137,Smith1137,
Mrs1138,Michelle1138,Smith1138,
Mrs1139,Michelle1139,Smith1139,
Mrs1140,Michelle1140,Smith1140,
Mrs1141,Michelle1141,Smith1141,
Mrs1142,Michelle1142,Smith1142,
Mrs1143,Michelle1143,Smith1143,
Mrs1144,Michelle1144,Smith1144,
Mrs1145,Michelle1145,Smith1145,
Mrs1146,Michelle1146,Smith1146,
Mrs1147,Michelle1147,Smith1147,
Mrs1148,Michelle1148,Smith1148,
Mrs1149,Michelle1149,Smith1149,
Mrs1150,Michelle1150,Smith1150,
Mrs1151,Michelle1151,Smith1151,
Mrs1152,Michelle1152,Smith1152,
Mrs1153,Michelle1153,Smith1153,
Mrs1154,Michelle1154,Smith1154,
Mrs1155,Michelle1155,Smith1155,
Mrs1156,Michelle1156,Smith1156,
Mrs1157,Michelle1157,Smith1157,
Mrs1158,Michelle1158,Smith1158,
Mrs1159,Michelle1159,Smith1159,
Mrs1160,Michelle1160,Smith1160,
Mrs1161,Michelle1161,Smith1161,
Mrs1162,Michelle1162,Smith1162,
Mrs1163,Michelle1163,Smith1163,
Mrs1164,Michelle1164,Smith1164,
Mrs1165,Michelle1165,Smith1165,
Mrs1166,Michelle1166,Smith1166,
Mrs1167,Michelle1167,Smith1167,
Mrs1168,Michelle1168,Smith1168,
Mrs1169,Michelle1169,Smith1169,
Mrs1170,Michelle1170,Smith1170,
Mrs1171,Michelle1171,Smith1171,
Mrs1172,Michelle1172,Smith1172,
Mrs1173,Michelle1173,Smith1173,
Mrs1174,Michelle1174,Smith1174,
Mrs1175,Michelle1175,Smith1175,
Mrs1176,Michelle1176,Smith1176,
Mrs1177,Michelle1177,Smith1177,
Mrs1178,Michelle1178,Smith1178,
Mrs1179,Michelle1179,Smith1179,
Mrs1180,Michelle1180,Smith1180,
Mrs1181,Michelle1181,Smith1181,
Mrs1182,Michelle1182,Smith1182,
Mrs1183,Michelle1183,Smith1183,
Mrs1184,Michelle1184,Smith1184,
Mrs1185,Michelle1185,Smith1185,
Mrs1186,Michelle1186,Smith1186,
Mrs1187,Michelle1187,Smith1187,
Mrs1188,Michelle1188,Smith1188,
Mrs1189,Michelle1189,Smith1189,
Mrs1190,Michelle1190,Smith1190,
Mrs1191,Michelle1191,Smith1191,
Mrs1192,Michelle1192,Smith1192,
Mrs1193,Michelle1193,Smith1193,
Mrs1194,Michelle1194,Smith1194,
Mrs1195,Michelle1195,Smith1195,
Mrs1196,Michelle1196,Smith1196,
Mrs1197,Michelle1197,Smith1197,
Mrs1198,Michelle1198,Smith1198,
Mrs1199,Michelle1199,Smith1199,
Mrs1200,Michelle1200,Smith1200,
Mrs1201,Michelle1201,Smith1201,
Mrs1202,Michelle1202,Smith1202,
Mrs1203,Michelle1203,Smith1203,
Mrs1204,Michelle1204,Smith1204,
Mrs1205,Michelle1205,Smith1205,
Mrs1206,Michelle1206,Smith1206,
Mrs1207,Michelle1207,Smith1207,
Mrs1208,Michelle1208,Smith1208,
Mrs1209,Michelle1209,Smith1209,
Mrs1210,Michelle1210,Smith1210,
Mrs1211,Michelle1211,Smith1211,
Mrs1212,Michelle1212,Smith1212,
Mrs1213,Michelle1213,Smith1213,
Mrs1214,Michelle1214,Smith1214,
Mrs1215,Michelle1215,Smith1215,
Mrs1216,Michelle1216,Smith1216,
Mrs1217,Michelle1217,Smith1217,
Mrs1218,Michelle1218,Smith1218,
Mrs1219,Michelle1219,Smith1219,
Mrs1220,Michelle1220,Smith1220,
Mrs1221,Michelle1221,Smith1221,
Mrs1222,Michelle1222,Smith1222,
Mrs1223,Michelle1223,Smith1223,
Mrs1224,Michelle1224,Smith1224,
Mrs1225,Michelle1225,Smith1225,
Mrs1226,Michelle1226,Smith1226,
Mrs1227,Michelle1227,Smith1227,
Mrs1228,Michelle1228,Smith1228,
Mrs1229,Michelle1229,Smith1229,
Mrs1230,Michelle1230,Smith1230,
Mrs1231,Michelle1231,Smith1231,
Mrs1232,Michelle1232,Smith1232,
Mrs1233,Michelle1233,Smith1233,
Mrs1234,Michelle1234,Smith1234,
Mrs1235,Michelle1235,Smith1235,
Mrs1236,Michelle1236,Smith1236,
Mrs1237,Michelle1237,Smith1237,
Mrs1238,Michelle1238,Smith1238,
Mrs1239,Michelle1239,Smith1239,
Mrs1240,Michelle1240,Smith1240,
Mrs1241,Michelle1241,Smith1241,
Mrs1242,Michelle1242,Smith1242,
Mrs1243,Michelle1243,Smith1243,
Mrs1244,Michelle1244,Smith1244,
Mrs1245,Michelle1245,Smith1245,
Mrs1246,Michelle1246,Smith1246,
Mrs1247,Michelle1247,Smith1247,
Mrs1248,Michelle1248,Smith1248,
Mrs1249,Michelle1249,Smith1249,
Mrs1250,Michelle1250,Smith1250,
Mrs1251,Michelle1251,Smith1251,
Mrs1252,Michelle1252,Smith1252,
Mrs1253,Michelle1253,Smith1253,
Mrs1254,Michelle1254,Smith1254,
Mrs1255,Michelle1255,Smith1255,
Mrs1256,Michelle1256,Smith1256,
Mrs1257,Michelle1257,Smith1257,
Mrs1258,Michelle1258,Smith1258,
Mrs1259,Michelle1259,Smith1259,
Mrs1260,Michelle1260,Smith1260,
Mrs1261,Michelle1261,Smith1261,
Mrs1262,Michelle1262,Smith1262,
Mrs1263,Michelle1263,Smith1263,
Mrs1264,Michelle1264,Smith1264,
Mrs1265,Michelle1265,Smith1265,
Mrs1266,Michelle1266,Smith1266,
Mrs1267,Michelle1267,Smith1267,
Mrs1268,Michelle1268,Smith1268,
Mrs1269,Michelle1269,Smith1269,
Mrs1270,Michelle1270,Smith1270,
Mrs1271,Michelle1271,Smith1271,
Mrs1272,Michelle1272,Smith1272,
Mrs1273,Michelle1273,Smith1273,
Mrs1274,Michelle1274,Smith1274,
Mrs1275,Michelle1275,Smith1275,
Mrs1276,Michelle1276,Smith1276,
Mrs1277,Michelle1277,Smith1277,
Mrs1278,Michelle1278,Smith1278,
Mrs1279,Michelle1279,Smith1279,
Mrs1280,Michelle1280,Smith1280,
Mrs1281,Michelle1281,Smith1281,
Mrs1282,Michelle1282,Smith1282,
Mrs1283,Michelle1283,Smith1283,
Mrs1284,Michelle1284,Smith1284,
Mrs1285,Michelle1285,Smith1285,
Mrs1286,Michelle1286,Smith1286,
Mrs1287,Michelle1287,Smith1287,
Mrs1288,Michelle1288,Smith1288,
Mrs1289,Michelle1289,Smith1289,
Mrs1290,Michelle1290,Smith1290,
Mrs1291,Michelle1291,Smith1291,
Mrs1292,Michelle1292,Smith1292,
Mrs1293,Michelle1293,Smith1293,
Mrs1294,Michelle1294,Smith1294,
Mrs1295,Michelle1295,Smith1295,
Mrs1296,Michelle1296,Smith1296,
Mrs1297,Michelle1297,Smith1297,
Mrs1298,Michelle1298,Smith1298,
Mrs1299,Michelle1299,Smith1299,
Mrs1300,Michelle1300,Smith1300,
Mrs1301,Michelle1301,Smith1301,
Mrs1302,Michelle1302,Smith1302,
Mrs1303,Michelle1303,Smith1303,
Mrs1304,Michelle1304,Smith1304,
Mrs1305,Michelle1305,Smith1305,
Mrs1306,Michelle1306,Smith1306,
Mrs1307,Michelle1307,Smith1307,
Mrs1308,Michelle1308,Smith1308,
Mrs1309,Michelle1309,Smith1309,
Mrs1310,Michelle1310,Smith1310,
Mrs1311,Michelle1311,Smith1311,
Mrs1312,Michelle1312,Smith1312,
Mrs1313,Michelle1313,Smith1313,
Mrs1314,Michelle1314,Smith1314,
Mrs1315,Michelle1315,Smith1315,
Mrs1316,Michelle1316,Smith1316,
Mrs1317,Michelle1317,Smith1317,
Mrs1318,Michelle1318,Smith1318,
Mrs1319,Michelle1319,Smith1319,
Mrs1320,Michelle1320,Smith1320,
Mrs1321,Michelle1321,Smith1321,
Mrs1322,Michelle1322,Smith1322,
Mrs1323,Michelle1323,Smith1323,
Mrs1324,Michelle1324,Smith1324,
Mrs1325,Michelle1325,Smith1325,
Mrs1326,Michelle1326,Smith1326,
Mrs1327,Michelle1327,Smith1327,
Mrs1328,Michelle1328,Smith1328,
Mrs1329,Michelle1329,Smith1329,
Mrs1330,Michelle1330,Smith1330,
Mrs1331,Michelle1331,Smith1331,
Mrs1332,Michelle1332,Smith1332,
Mrs1333,Michelle1333,Smith1333,
Mrs1334,Michelle1334,Smith1334,
Mrs1335,Michelle1335,Smith1335,
Mrs1336,Michelle1336,Smith1336,
Mrs1337,Michelle1337,Smith1337,
Mrs1338,Michelle1338,Smith1338,
Mrs1339,Michelle1339,Smith1339,
Mrs1340,Michelle1340,Smith1340,
Mrs1341,Michelle1341,Smith1341,
Mrs1342,Michelle1342,Smith1342,
Mrs1343,Michelle1343,Smith1343,
Mrs1344,Michelle1344,Smith1344,
Mrs1345,Michelle1345,Smith1345,
Mrs1346,Michelle1346,Smith1346,
Mrs1347,Michelle1347,Smith1347,
Mrs1348,Michelle1348,Smith1348,
Mrs1349,Michelle1349,Smith1349,
Mrs1350,Michelle1350,Smith1350,
Mrs1351,Michelle1351,Smith1351,
Mrs1352,Michelle1352,Smith1352,
Mrs1353,Michelle1353,Smith1353,
Mrs1354,Michelle1354,Smith1354,
Mrs1355,Michelle1355,Smith1355,
Mrs1356,Michelle1356,Smith1356,
Mrs1357,Michelle1357,Smith1357,
Mrs1358,Michelle1358,Smith1358,
Mrs1359,Michelle1359,Smith1359,
Mrs1360,Michelle1360,Smith1360,
Mrs1361,Michelle1361,Smith1361,
Mrs1362,Michelle1362,Smith1362,
Mrs1363,Michelle1363,Smith1363,
Mrs1364,Michelle1364,Smith1364,
Mrs1365,Michelle1365,Smith1365,
Mrs1366,Michelle1366,Smith1366,
Mrs1367,Michelle1367,Smith1367,
Mrs1368,Michelle1368,Smith1368,
Mrs1369,Michelle1369,Smith1369,
Mrs1370,Michelle1370,Smith1370,
Mrs1371,Michelle1371,Smith1371,
Mrs1372,Michelle1372,Smith1372,
Mrs1373,Michelle1373,Smith1373,
Mrs1374,Michelle1374,Smith1374,
Mrs1375,Michelle1375,Smith1375,
Mrs1376,Michelle1376,Smith1376,
Mrs1377,Michelle1377,Smith1377,
Mrs1378,Michelle1378,Smith1378,
Mrs1379,Michelle1379,Smith1379,
Mrs1380,Michelle1380,Smith1380,
Mrs1381,Michelle1381,Smith1381,
Mrs1382,Michelle1382,Smith1382,
Mrs1383,Michelle1383,Smith1383,
Mrs1384,Michelle1384,Smith1384,
Mrs1385,Michelle1385,Smith1385,
Mrs1386,Michelle1386,Smith1386,
Mrs1387,Michelle1387,Smith1387,
Mrs1388,Michelle1388,Smith1388,
Mrs1389,Michelle1389,Smith1389,
Mrs1390,Michelle1390,Smith1390,
Mrs1391,Michelle1391,Smith1391,
Mrs1392,Michelle1392,Smith1392,
Mrs1393,Michelle1393,Smith1393,
Mrs1394,Michelle1394,Smith1394,
Mrs1395,Michelle1395,Smith1395,
